{
  "results": {
    "kobest_boolq": {
      "acc": 0.5462962962962963,
      "acc_stderr": 0.013291422240187907,
      "macro_f1": 0.43145789562348424,
      "macro_f1_stderr": 0.012026227359923269
    },
    "kobest_copa": {
      "acc": 0.607,
      "acc_stderr": 0.015452824654081496,
      "macro_f1": 0.6066219637071225,
      "macro_f1_stderr": 0.015395503425961191
    },
    "kobest_hellaswag": {
      "acc": 0.374,
      "acc_stderr": 0.02166071034720448,
      "acc_norm": 0.438,
      "acc_norm_stderr": 0.022210326363977417,
      "macro_f1": 0.3721733414069778,
      "macro_f1_stderr": 0.021484183449118614
    },
    "kobest_sentineg": {
      "acc": 0.5969773299748111,
      "acc_stderr": 0.024648816097891296,
      "macro_f1": 0.5967700980143213,
      "macro_f1_stderr": 0.02466125630648696
    },
    "korunsmile": {
      "f1": 0.3377762637904471,
      "f1_stderr": 0.006425573356830873
    },
    "pawsx_ko": {
      "acc": 0.49,
      "acc_stderr": 0.011180899170152971
    }
  },
  "versions": {
    "kobest_boolq": 0,
    "kobest_copa": 0,
    "kobest_hellaswag": 0,
    "kobest_sentineg": 0,
    "korunsmile": 0,
    "pawsx_ko": 0
  },
  "config": {
    "model": "hf-causal-experimental",
    "model_args": "pretrained=/home/hyohyeongjang/bigdata/ModelTrainer/llm-kr/outputs/checkpoints/Qwen/Qwen2-7B-Instruct/default/checkpoint-4500,use_accelerate=true,trust_remote_code=true",
    "num_fewshot": 0,
    "batch_size": "64",
    "device": null,
    "no_cache": true,
    "limit": null,
    "bootstrap_iters": 100000,
    "description_dict": {}
  }
}