{
  "results": {
    "kobest_boolq": {
      "acc": 0.5064102564102564,
      "acc_stderr": 0.01334767041462044,
      "macro_f1": 0.3437460163292561,
      "macro_f1_stderr": 0.007019380859661458
    },
    "kobest_copa": {
      "acc": 0.482,
      "acc_stderr": 0.015809045699406728,
      "macro_f1": 0.48108463329312906,
      "macro_f1_stderr": 0.01578400330376334
    },
    "kobest_hellaswag": {
      "acc": 0.394,
      "acc_stderr": 0.021874299301689253,
      "acc_norm": 0.504,
      "acc_norm_stderr": 0.022382357781962132,
      "macro_f1": 0.38932567147980157,
      "macro_f1_stderr": 0.021636897863455223
    },
    "kobest_sentineg": {
      "acc": 0.5062972292191436,
      "acc_stderr": 0.02512395255890725,
      "macro_f1": 0.3616106589656078,
      "macro_f1_stderr": 0.016897018211648438
    },
    "korunsmile": {
      "f1": 0.3251898767038997,
      "f1_stderr": 0.0077622117168605715
    },
    "pawsx_ko": {
      "acc": 0.5035,
      "acc_stderr": 0.011182862030875611
    }
  },
  "versions": {
    "kobest_boolq": 0,
    "kobest_copa": 0,
    "kobest_hellaswag": 0,
    "kobest_sentineg": 0,
    "korunsmile": 0,
    "pawsx_ko": 0
  },
  "config": {
    "model": "hf-causal-experimental",
    "model_args": "pretrained=google/gemma-2-9b-it,use_accelerate=true,trust_remote_code=true,peft=/home/hyohyeongjang/bigdata/ModelTrainer/llm-kr/outputs/checkpoints/google/gemma-2-9b-it/lora/checkpoint-4500",
    "num_fewshot": 0,
    "batch_size": "32",
    "device": null,
    "no_cache": true,
    "limit": null,
    "bootstrap_iters": 100000,
    "description_dict": {}
  }
}