{
  "results": {
    "kobest_boolq": {
      "acc": 0.5783475783475783,
      "acc_stderr": 0.013183870384789586,
      "macro_f1": 0.577969912442649,
      "macro_f1_stderr": 0.01318317436515012
    },
    "kobest_copa": {
      "acc": 0.518,
      "acc_stderr": 0.015809045699406728,
      "macro_f1": 0.5172275641025641,
      "macro_f1_stderr": 0.015784049470297632
    },
    "kobest_hellaswag": {
      "acc": 0.326,
      "acc_stderr": 0.02098400956239357,
      "acc_norm": 0.412,
      "acc_norm_stderr": 0.022033677993740865,
      "macro_f1": 0.32114603295343624,
      "macro_f1_stderr": 0.020603098411529016
    },
    "kobest_sentineg": {
      "acc": 0.5214105793450882,
      "acc_stderr": 0.025102898696363046,
      "macro_f1": 0.42437423687423687,
      "macro_f1_stderr": 0.02280390522468092
    },
    "korunsmile": {
      "f1": 0.2560279561977355,
      "f1_stderr": 0.004561246248470701
    },
    "pawsx_ko": {
      "acc": 0.4475,
      "acc_stderr": 0.011121318125943089
    }
  },
  "versions": {
    "kobest_boolq": 0,
    "kobest_copa": 0,
    "kobest_hellaswag": 0,
    "kobest_sentineg": 0,
    "korunsmile": 0,
    "pawsx_ko": 0
  },
  "config": {
    "model": "hf-causal-experimental",
    "model_args": "pretrained=/home/hyohyeongjang/bigdata/ModelTrainer/llm-kr/outputs/checkpoints/google/gemma-2-9b-it/default/checkpoint-9000,use_accelerate=true,trust_remote_code=true",
    "num_fewshot": 0,
    "batch_size": "32",
    "device": null,
    "no_cache": true,
    "limit": null,
    "bootstrap_iters": 100000,
    "description_dict": {}
  }
}