{
  "results": {
    "kobest_boolq": {
      "acc": 0.5021367521367521,
      "acc_stderr": 0.01334864560470119,
      "macro_f1": 0.33428165007112376,
      "macro_f1_stderr": 0.005909264029538844
    },
    "kobest_copa": {
      "acc": 0.559,
      "acc_stderr": 0.015708779894242676,
      "macro_f1": 0.5585757913354734,
      "macro_f1_stderr": 0.01569254072187204
    },
    "kobest_hellaswag": {
      "acc": 0.344,
      "acc_stderr": 0.02126575803797874,
      "acc_norm": 0.45,
      "acc_norm_stderr": 0.02227087748536043,
      "macro_f1": 0.34034470264481703,
      "macro_f1_stderr": 0.021006002543830584
    },
    "kobest_sentineg": {
      "acc": 0.49370277078085645,
      "acc_stderr": 0.02512395255890725,
      "macro_f1": 0.3348753469530644,
      "macro_f1_stderr": 0.012554658128750397
    },
    "korunsmile": {
      "f1": 0.265082561508663,
      "f1_stderr": 0.00501161417302264
    },
    "pawsx_ko": {
      "acc": 0.5055,
      "acc_stderr": 0.01118245942086763
    }
  },
  "versions": {
    "kobest_boolq": 0,
    "kobest_copa": 0,
    "kobest_hellaswag": 0,
    "kobest_sentineg": 0,
    "korunsmile": 0,
    "pawsx_ko": 0
  },
  "config": {
    "model": "hf-causal-experimental",
    "model_args": "pretrained=/home/hyohyeongjang/bigdata/ModelTrainer/llm-kr/outputs/checkpoints/meta-llama/Meta-Llama-3-8B-Instruct/default/checkpoint-4500,use_accelerate=true,trust_remote_code=true",
    "num_fewshot": 0,
    "batch_size": "32",
    "device": null,
    "no_cache": true,
    "limit": null,
    "bootstrap_iters": 100000,
    "description_dict": {}
  }
}